,User,Date,Count
0,Harene M,2021-04-08,1
1,Akshara_AS,2021-04-02,2
2,Akshara_AS,2021-05-09,1
3,anajessica,2021-04-07,-1
4,anajessica,2021-06-10,1
5,viruksha,2021-04-13,1
6,Regina Sharon,2020-10-17,1
7,simbu,2021-04-01,0
8,simbu,2021-04-07,1
9,Divya Mani,2021-04-08,1
10,Fab,2020-12-13,1
11,Fab,2020-12-18,1
12,Harish M,2021-04-08,2
13,JackArokiason,2021-01-11,1
14,JackArokiason,2021-02-11,1
15,hatwar,2020-12-28,2
16,hatwar,2021-01-02,1
17,shruthi,2021-04-07,1
18,shruthi,2021-04-22,1
19,shruthi,2021-05-07,1
20,yaganarun,2020-09-06,0
21,yaganarun,2020-09-07,0
22,yaganarun,2020-09-08,0
23,yaganarun,2020-09-11,0
24,yaganarun,2020-09-12,0
25,yaganarun,2020-09-14,2
26,yaganarun,2020-09-17,0
27,yaganarun,2020-09-20,0
28,yaganarun,2020-09-23,0
29,yaganarun,2020-10-10,0
30,yaganarun,2020-11-11,1
31,yaganarun,2021-01-15,0
32,ajesh,2021-04-29,1
33,ajesh,2021-04-30,1
34,ajesh,2021-07-27,1
35,Richard,2021-04-02,2
36,Richard,2021-04-13,2
37,Sanjana V,2021-04-21,1
38,Sanjana V,2021-05-26,1
39,Sanjana V,2021-05-28,0
40,Sanjana V,2021-05-31,1
41,Sanjana V,2021-07-02,0
42,Hilda24,2020-12-11,1
43,Hilda24,2020-12-12,0
44,Hilda24,2020-12-13,1
45,Hilda24,2021-01-24,2
46,Hilda24,2021-02-25,1
47,M Aadhavan,2020-11-24,2
48,M Aadhavan,2020-12-26,1
49,M Aadhavan,2021-01-30,1
50,pri6401,2021-03-24,1
51,pri6401,2021-03-25,3
52,pri6401,2021-03-26,1
53,pri6401,2021-03-27,1
54,saiman2k,2020-10-16,1
55,saiman2k,2020-11-26,1
56,saiman2k,2020-12-27,2
57,bhavana2002,2021-04-07,-7
58,bhavana2002,2021-04-08,4
59,bhavana2002,2021-04-09,1
60,ishita,2021-04-08,2
61,ishita,2021-04-09,2
62,ishita,2021-04-10,2
63,ishita,2021-04-11,1
64,Atul,2020-12-09,1
65,Atul,2020-12-13,0
66,Atul,2020-12-20,1
67,Atul,2021-01-04,2
68,Atul,2021-01-16,1
69,Atul,2021-01-19,1
70,Atul,2021-03-15,0
71,tactadmin,2020-09-06,6
72,tactadmin,2020-09-07,0
73,tactadmin,2020-09-11,0
74,tactadmin,2020-09-12,2
75,tactadmin,2020-09-19,0
76,Vignesh J M,2020-09-06,10
77,Talha,2021-05-04,-1
78,Talha,2021-05-06,2
79,Talha,2021-05-10,3
80,Talha,2021-05-18,1
81,Talha,2021-05-25,1
82,Talha,2021-06-17,1
83,Talha,2021-06-18,1
84,Talha,2021-07-09,2
85,maximinjoshua,2020-12-18,2
86,maximinjoshua,2020-12-19,8
87,maximinjoshua,2020-12-21,3
88,maximinjoshua,2020-12-22,1
89,maximinjoshua,2020-12-26,1
90,Hari Prasad,2020-12-01,2
91,Hari Prasad,2020-12-11,1
92,Hari Prasad,2020-12-19,1
93,Hari Prasad,2020-12-24,1
94,Hari Prasad,2020-12-26,1
95,Hari Prasad,2020-12-28,1
96,Hari Prasad,2021-03-25,1
97,Hari Prasad,2021-03-29,1
98,Hari Prasad,2021-03-30,1
99,Hari Prasad,2021-05-09,3
100,Hari Prasad,2021-05-10,1
101,Hari Prasad,2021-05-15,1
102,lakshmi,2021-04-07,-2
103,lakshmi,2021-04-08,3
104,lakshmi,2021-04-09,4
105,lakshmi,2021-04-10,4
106,lakshmi,2021-04-11,4
107,lakshmi,2021-04-12,2
108,hemanth,2020-12-18,3
109,hemanth,2020-12-19,6
110,hemanth,2020-12-20,4
111,hemanth,2020-12-21,1
112,hemanth,2021-01-02,8
113,hemanth,2021-01-07,1
114,hemanth,2021-01-13,2
115,Aavinash,2020-09-06,10
116,Aavinash,2020-09-09,0
117,Aavinash,2020-09-11,15
118,Aavinash,2020-09-15,3
119,Sharon,2021-02-18,0
120,Sharon,2021-02-19,2
121,Sharon,2021-02-20,2
122,Sharon,2021-02-27,2
123,Sharon,2021-02-28,2
124,Sharon,2021-03-02,1
125,Sharon,2021-03-05,2
126,Sharon,2021-03-06,1
127,Sharon,2021-03-09,2
128,Sharon,2021-03-13,2
129,Sharon,2021-03-20,1
130,Sharon,2021-03-21,2
131,Sharon,2021-03-27,1
132,Sharon,2021-03-30,1
133,Sharon,2021-04-01,1
134,Sharon,2021-04-02,2
135,Sharon,2021-04-03,2
136,Sharon,2021-04-13,1
137,SanjayV,2020-09-06,10
138,SanjayV,2020-09-07,10
139,SanjayV,2020-09-09,1
140,SanjayV,2020-09-14,9
141,notjayasurya,2020-12-08,1
142,notjayasurya,2020-12-18,4
143,notjayasurya,2020-12-19,9
144,notjayasurya,2021-01-06,5
145,notjayasurya,2021-01-07,4
146,notjayasurya,2021-01-08,1
147,notjayasurya,2021-01-19,5
148,notjayasurya,2021-01-20,1
149,notjayasurya,2021-02-20,1
150,notjayasurya,2021-02-25,1
151,Kamal Khumar,2020-09-17,1
152,Kamal Khumar,2020-09-18,1
153,Kamal Khumar,2020-09-20,8
154,Kamal Khumar,2020-09-21,2
155,Kamal Khumar,2020-09-22,1
156,Kamal Khumar,2020-09-23,1
157,Kamal Khumar,2020-09-25,1
158,Kamal Khumar,2020-10-08,1
159,Kamal Khumar,2020-10-09,1
160,Kamal Khumar,2020-10-10,4
161,Kamal Khumar,2020-10-11,2
162,Kamal Khumar,2020-10-23,2
163,Kamal Khumar,2020-10-24,1
164,Kamal Khumar,2020-10-26,1
165,Kamal Khumar,2020-12-19,1
166,Kamal Khumar,2020-12-31,1
167,Kamal Khumar,2021-02-28,1
168,Kamal Khumar,2021-03-11,-1
169,Kamal Khumar,2021-03-17,1
170,Kamal Khumar,2021-04-27,1
171,Kamal Khumar,2021-05-10,1
172,Kamal Khumar,2021-05-11,0
173,Kamal Khumar,2021-05-14,1
174,Kamal Khumar,2021-05-17,0
175,Kamal Khumar,2021-06-07,1
176,Kamal Khumar,2021-06-25,1
177,Palaniappan,2020-09-06,10
178,Palaniappan,2020-09-07,11
179,Palaniappan,2020-09-11,4
180,Palaniappan,2020-09-29,6
181,Palaniappan,2020-09-30,6
182,Palaniappan,2020-10-01,1
183,Vaishnavi,2020-09-14,1
184,Vaishnavi,2021-03-05,1
185,Vaishnavi,2021-03-06,3
186,Vaishnavi,2021-03-09,8
187,Vaishnavi,2021-03-10,6
188,Vaishnavi,2021-03-16,1
189,Vaishnavi,2021-03-22,2
190,Vaishnavi,2021-04-08,3
191,Vaishnavi,2021-05-03,1
192,Vaishnavi,2021-05-22,1
193,Vaishnavi,2021-05-23,4
194,Vaishnavi,2021-05-29,1
195,Vaishnavi,2021-06-05,1
196,Vaishnavi,2021-06-06,3
197,Vaishnavi,2021-06-16,3
198,Vaishnavi,2021-06-19,1
199,Vaishnavi,2021-06-21,1
200,Vaishnavi,2021-06-26,1
201,Prakash R,2021-04-07,1
202,Prakash R,2021-04-08,-1
203,Prakash R,2021-04-09,2
204,Prakash R,2021-04-11,8
205,Prakash R,2021-04-12,6
206,Prakash R,2021-04-13,6
207,Prakash R,2021-04-14,4
208,Prakash R,2021-04-15,11
209,Prakash R,2021-04-16,7
210,Prakash R,2021-04-17,6
211,Prakash R,2021-07-04,-1
212,gokulac,2021-03-06,3
213,gokulac,2021-03-24,1
214,gokulac,2021-03-31,1
215,gokulac,2021-04-03,1
216,gokulac,2021-04-10,1
217,gokulac,2021-04-20,1
218,gokulac,2021-04-24,1
219,gokulac,2021-04-27,1
220,gokulac,2021-05-06,4
221,gokulac,2021-05-07,1
222,gokulac,2021-05-09,2
223,gokulac,2021-05-11,3
224,gokulac,2021-05-13,1
225,gokulac,2021-05-15,1
226,gokulac,2021-05-16,2
227,gokulac,2021-05-17,1
228,gokulac,2021-05-19,1
229,gokulac,2021-05-20,2
230,gokulac,2021-05-21,2
231,gokulac,2021-05-22,2
232,gokulac,2021-05-23,1
233,gokulac,2021-05-24,6
234,gokulac,2021-05-25,4
235,gokulac,2021-05-27,1
236,gokulac,2021-05-28,2
237,gokulac,2021-06-01,3
238,gokulac,2021-06-04,2
239,gokulac,2021-06-05,2
240,gokulac,2021-06-08,1
241,Mohith,2021-04-10,7
242,Mohith,2021-04-11,11
243,Mohith,2021-04-12,6
244,Mohith,2021-04-13,5
245,Mohith,2021-04-14,12
246,Mohith,2021-04-15,4
247,Mohith,2021-04-16,1
248,Mohith,2021-04-17,4
249,Mohith,2021-04-18,3
250,Mohith,2021-05-21,0
251,Charles CSR,2020-09-20,1
252,Charles CSR,2020-09-21,1
253,Charles CSR,2020-09-22,2
254,Charles CSR,2020-09-28,2
255,Charles CSR,2020-09-29,4
256,Charles CSR,2020-09-30,4
257,Charles CSR,2020-10-01,2
258,Charles CSR,2020-10-02,2
259,Charles CSR,2020-10-03,7
260,Charles CSR,2020-10-04,4
261,Charles CSR,2020-10-05,3
262,Charles CSR,2020-10-06,1
263,Charles CSR,2020-10-10,12
264,Charles CSR,2020-10-11,5
265,Charles CSR,2020-10-12,4
266,Charles CSR,2020-10-16,2
267,Charles CSR,2020-10-27,1
268,Charles CSR,2020-10-28,1
269,Charles CSR,2020-11-20,1
270,Charles CSR,2020-11-26,1
271,Charles CSR,2020-11-28,1
272,Charles CSR,2020-12-28,4
273,Charles CSR,2020-12-29,2
274,Charles CSR,2020-12-31,1
275,Charles CSR,2021-01-03,3
276,Charles CSR,2021-04-29,1
277,Charles CSR,2021-05-05,1
278,Charles CSR,2021-05-13,1
279,Charles CSR,2021-05-14,1
280,Charles CSR,2021-05-17,2
281,Charles CSR,2021-05-19,9
282,Charles CSR,2021-05-25,1
283,arockiapriya,2020-12-15,2
284,arockiapriya,2020-12-18,2
285,arockiapriya,2020-12-28,2
286,arockiapriya,2021-01-04,3
287,arockiapriya,2021-01-16,8
288,arockiapriya,2021-01-18,3
289,arockiapriya,2021-01-19,3
290,arockiapriya,2021-01-22,2
291,arockiapriya,2021-01-23,2
292,arockiapriya,2021-01-25,3
293,arockiapriya,2021-01-27,3
294,arockiapriya,2021-01-29,3
295,arockiapriya,2021-01-30,4
296,arockiapriya,2021-01-31,2
297,arockiapriya,2021-02-01,2
298,arockiapriya,2021-02-02,1
299,arockiapriya,2021-02-23,1
300,arockiapriya,2021-02-26,5
301,arockiapriya,2021-03-09,3
302,arockiapriya,2021-03-10,2
303,arockiapriya,2021-03-15,5
304,arockiapriya,2021-03-16,5
305,arockiapriya,2021-03-17,7
306,arockiapriya,2021-03-18,1
307,arockiapriya,2021-03-19,2
308,arockiapriya,2021-03-20,2
309,arockiapriya,2021-03-22,1
310,arockiapriya,2021-03-23,1
311,arockiapriya,2021-03-26,1
312,arockiapriya,2021-03-28,1
313,arockiapriya,2021-03-29,1
314,arockiapriya,2021-03-30,1
315,arockiapriya,2021-04-01,1
316,arockiapriya,2021-04-08,4
317,arockiapriya,2021-04-13,1
318,Vedha,2021-04-07,1
319,Vedha,2021-04-08,5
320,Vedha,2021-04-09,9
321,Vedha,2021-04-10,16
322,Vedha,2021-04-11,5
323,Vedha,2021-04-12,7
324,Vedha,2021-04-13,6
325,Vedha,2021-04-14,4
326,Vedha,2021-04-15,1
327,Vedha,2021-04-16,6
328,Vedha,2021-04-25,2
329,Vedha,2021-04-29,-1
330,Vedha,2021-04-30,2
331,Vedha,2021-05-03,6
332,Vedha,2021-05-04,4
333,Vedha,2021-05-06,1
334,Vedha,2021-05-17,1
335,Vedha,2021-05-18,1
336,Vedha,2021-05-21,5
337,Vedha,2021-06-08,1
338,Vedha,2021-06-10,1
339,Vedha,2021-06-15,1
340,Vedha,2021-06-28,2
341,Vedha,2021-06-29,1
342,Vedha,2021-07-04,1
343,Vedha,2021-07-18,1
344,sharmi,2020-11-20,1
345,sharmi,2021-02-20,2
346,sharmi,2021-03-27,1
347,sharmi,2021-03-31,1
348,sharmi,2021-04-01,5
349,sharmi,2021-04-04,2
350,sharmi,2021-04-05,2
351,sharmi,2021-04-06,1
352,sharmi,2021-04-07,3
353,sharmi,2021-04-14,1
354,sharmi,2021-04-19,2
355,sharmi,2021-04-20,2
356,sharmi,2021-04-21,2
357,sharmi,2021-04-22,2
358,sharmi,2021-04-23,5
359,sharmi,2021-04-24,3
360,sharmi,2021-04-25,1
361,sharmi,2021-04-26,3
362,sharmi,2021-04-28,4
363,sharmi,2021-04-29,1
364,sharmi,2021-05-04,3
365,sharmi,2021-05-06,2
366,sharmi,2021-05-07,2
367,sharmi,2021-05-08,4
368,sharmi,2021-05-09,15
369,sharmi,2021-05-11,1
370,sharmi,2021-05-17,1
371,sharmi,2021-05-26,3
372,sharmi,2021-05-27,1
373,sharmi,2021-05-28,3
374,sharmi,2021-05-30,3
375,sharmi,2021-05-31,3
376,sharmi,2021-06-01,4
377,sharmi,2021-06-02,2
378,sharmi,2021-06-05,1
379,sharmi,2021-06-07,1
380,sharmi,2021-06-23,0
381,sharmi,2021-06-24,1
382,sharmi,2021-06-25,1
383,sharmi,2021-07-16,2
384,sharmi,2021-07-17,1
385,Eswara prasad,2020-11-24,2
386,Eswara prasad,2020-11-25,1
387,Eswara prasad,2021-03-06,48
388,Eswara prasad,2021-03-11,4
389,Eswara prasad,2021-03-12,1
390,Eswara prasad,2021-03-29,2
391,Eswara prasad,2021-04-02,3
392,Eswara prasad,2021-04-03,17
393,Eswara prasad,2021-04-04,2
394,Eswara prasad,2021-04-15,2
395,Eswara prasad,2021-04-16,1
396,Eswara prasad,2021-04-20,1
397,Eswara prasad,2021-04-26,2
398,Eswara prasad,2021-05-18,1
399,Eswara prasad,2021-05-30,1
400,Eswara prasad,2021-06-01,6
401,Eswara prasad,2021-06-03,4
402,Eswara prasad,2021-06-04,2
403,Eswara prasad,2021-06-07,2
404,Eswara prasad,2021-06-08,1
405,Eswara prasad,2021-06-10,7
406,Eswara prasad,2021-06-11,1
407,Eswara prasad,2021-06-14,2
408,Eswara prasad,2021-06-20,2
409,Eswara prasad,2021-06-22,3
410,Bairavi B,2021-03-07,6
411,Bairavi B,2021-03-13,2
412,Bairavi B,2021-05-21,2
413,Bairavi B,2021-05-23,6
414,Bairavi B,2021-05-24,12
415,Bairavi B,2021-05-25,8
416,Bairavi B,2021-05-26,4
417,Bairavi B,2021-05-31,7
418,Bairavi B,2021-06-01,12
419,Bairavi B,2021-06-02,18
420,Bairavi B,2021-06-03,2
421,Bairavi B,2021-06-04,1
422,Bairavi B,2021-06-05,22
423,Bairavi B,2021-06-06,1
424,Bairavi B,2021-06-07,3
425,Bairavi B,2021-06-08,14
426,Bairavi B,2021-06-09,3
427,Bairavi B,2021-06-10,20
428,Bairavi B,2021-06-11,4
429,Bairavi B,2021-06-12,6
430,Bairavi B,2021-06-13,3
431,Bairavi B,2021-06-14,1
432,Bairavi B,2021-06-26,1
433,PRAABINDH P,2021-02-18,6
434,PRAABINDH P,2021-02-19,5
435,PRAABINDH P,2021-02-20,1
436,PRAABINDH P,2021-02-22,5
437,PRAABINDH P,2021-02-23,8
438,PRAABINDH P,2021-02-24,14
439,PRAABINDH P,2021-02-27,18
440,PRAABINDH P,2021-02-28,24
441,PRAABINDH P,2021-03-03,1
442,PRAABINDH P,2021-03-06,17
443,PRAABINDH P,2021-03-07,4
444,PRAABINDH P,2021-03-08,4
445,PRAABINDH P,2021-03-09,17
446,PRAABINDH P,2021-03-12,2
447,PRAABINDH P,2021-03-14,3
448,PRAABINDH P,2021-03-17,5
449,PRAABINDH P,2021-03-18,30
450,PRAABINDH P,2021-03-21,1
451,PRAABINDH P,2021-04-01,6
452,PRAABINDH P,2021-04-02,1
453,PRAABINDH P,2021-04-05,7
454,PRAABINDH P,2021-04-25,25
455,PRAABINDH P,2021-05-12,18
456,rajasgs,2020-09-06,3
457,rajasgs,2020-09-16,5
458,rajasgs,2020-09-25,6
459,rajasgs,2020-09-26,1
460,rajasgs,2020-09-27,1
461,rajasgs,2020-09-30,3
462,rajasgs,2020-10-08,1
463,rajasgs,2020-10-16,1
464,rajasgs,2020-10-19,1
465,rajasgs,2020-10-20,6
466,rajasgs,2020-10-21,1
467,rajasgs,2020-10-21,1
468,rajasgs,2020-10-22,2
469,rajasgs,2020-10-23,1
470,rajasgs,2020-11-17,1
471,rajasgs,2020-11-18,1
472,rajasgs,2020-11-24,2
473,rajasgs,2020-12-12,5
474,rajasgs,2020-12-14,2
475,rajasgs,2020-12-16,3
476,rajasgs,2020-12-17,1
477,rajasgs,2020-12-18,1
478,rajasgs,2020-12-31,4
479,rajasgs,2021-01-04,1
480,rajasgs,2021-01-05,1
481,rajasgs,2021-01-06,1
482,rajasgs,2021-01-08,1
483,rajasgs,2021-01-13,4
484,rajasgs,2021-01-14,2
485,rajasgs,2021-02-04,1
486,rajasgs,2021-02-05,1
487,rajasgs,2021-02-09,2
488,rajasgs,2021-02-10,3
489,rajasgs,2021-02-11,3
490,rajasgs,2021-02-12,2
491,rajasgs,2021-02-17,2
492,rajasgs,2021-02-24,3
493,rajasgs,2021-02-26,1
494,rajasgs,2021-03-01,1
495,rajasgs,2021-03-03,1
496,rajasgs,2021-03-04,3
497,rajasgs,2021-03-08,2
498,rajasgs,2021-03-10,2
499,rajasgs,2021-03-11,4
500,rajasgs,2021-03-12,1
501,rajasgs,2021-03-16,1
502,rajasgs,2021-03-19,1
503,rajasgs,2021-03-22,8
504,rajasgs,2021-03-25,10
505,rajasgs,2021-03-26,8
506,rajasgs,2021-03-27,3
507,rajasgs,2021-03-29,11
508,rajasgs,2021-03-30,6
509,rajasgs,2021-03-31,2
510,rajasgs,2021-04-05,1
511,rajasgs,2021-04-06,1
512,rajasgs,2021-04-07,1
513,rajasgs,2021-04-08,1
514,rajasgs,2021-04-09,7
515,rajasgs,2021-04-12,2
516,rajasgs,2021-04-13,4
517,rajasgs,2021-04-15,1
518,rajasgs,2021-04-16,5
519,rajasgs,2021-04-21,2
520,rajasgs,2021-04-23,1
521,rajasgs,2021-04-25,2
522,rajasgs,2021-04-26,2
523,rajasgs,2021-04-28,5
524,rajasgs,2021-04-29,6
525,rajasgs,2021-04-30,1
526,rajasgs,2021-05-02,3
527,rajasgs,2021-05-03,19
528,rajasgs,2021-05-04,9
529,rajasgs,2021-05-05,6
530,rajasgs,2021-05-06,8
531,rajasgs,2021-05-07,6
532,rajasgs,2021-05-09,1
533,rajasgs,2021-05-10,5
534,rajasgs,2021-05-11,2
535,rajasgs,2021-05-12,7
536,rajasgs,2021-05-13,13
537,rajasgs,2021-05-14,3
538,rajasgs,2021-05-17,1
539,rajasgs,2021-05-18,5
540,rajasgs,2021-05-19,1
541,rajasgs,2021-05-20,3
542,rajasgs,2021-05-21,1
543,rajasgs,2021-05-25,7
544,rajasgs,2021-05-26,8
545,rajasgs,2021-05-28,1
546,rajasgs,2021-05-29,1
547,rajasgs,2021-05-30,1
548,rajasgs,2021-06-04,2
549,rajasgs,2021-06-07,1
550,rajasgs,2021-06-09,9
551,rajasgs,2021-06-10,3
552,rajasgs,2021-06-11,1
553,rajasgs,2021-06-14,8
554,rajasgs,2021-06-15,3
555,rajasgs,2021-06-16,4
556,rajasgs,2021-06-23,1
557,rajasgs,2021-07-13,1
558,rajasgs,2021-07-19,1
559,rajasgs,2021-07-25,2
560,rajasgs,2021-07-26,3
561,divya,2021-01-11,2
562,divya,2021-02-17,1
563,divya,2021-02-19,3
564,divya,2021-02-20,1
565,divya,2021-03-17,1
566,divya,2021-03-18,1
567,divya,2021-03-20,1
568,divya,2021-03-23,1
569,divya,2021-03-24,1
570,divya,2021-03-25,1
571,divya,2021-03-26,5
572,divya,2021-03-27,9
573,divya,2021-03-28,8
574,divya,2021-03-29,1
575,divya,2021-03-30,12
576,divya,2021-03-31,5
577,divya,2021-04-01,2
578,divya,2021-04-02,5
579,divya,2021-04-03,5
580,divya,2021-04-04,2
581,divya,2021-04-06,1
582,divya,2021-04-07,9
583,divya,2021-04-08,1
584,divya,2021-04-09,2
585,divya,2021-04-10,5
586,divya,2021-04-11,7
587,divya,2021-04-13,5
588,divya,2021-04-14,7
589,divya,2021-04-16,2
590,divya,2021-04-17,8
591,divya,2021-04-21,2
592,divya,2021-04-25,2
593,divya,2021-04-26,2
594,divya,2021-04-27,5
595,divya,2021-04-28,1
596,divya,2021-04-29,2
597,divya,2021-04-30,1
598,divya,2021-05-03,3
599,divya,2021-05-04,6
600,divya,2021-05-05,3
601,divya,2021-05-06,3
602,divya,2021-05-07,7
603,divya,2021-05-09,2
604,divya,2021-05-10,5
605,divya,2021-05-11,3
606,divya,2021-05-12,7
607,divya,2021-05-13,9
608,divya,2021-05-14,4
609,divya,2021-05-15,4
610,divya,2021-05-17,9
611,divya,2021-05-18,7
612,divya,2021-05-19,7
613,divya,2021-05-20,8
614,divya,2021-05-21,5
615,divya,2021-05-22,1
616,divya,2021-05-24,6
617,divya,2021-05-25,4
618,divya,2021-05-26,14
619,divya,2021-05-27,3
620,divya,2021-05-28,4
621,divya,2021-05-29,2
622,divya,2021-05-31,3
623,divya,2021-06-01,4
624,divya,2021-06-02,9
625,divya,2021-06-03,4
626,divya,2021-06-04,2
627,divya,2021-06-05,4
628,divya,2021-06-07,1
629,divya,2021-06-08,1
630,divya,2021-06-09,1
631,divya,2021-06-10,6
632,divya,2021-06-11,8
633,divya,2021-06-15,7
634,divya,2021-06-16,3
635,divya,2021-06-18,7
636,divya,2021-06-19,4
637,divya,2021-06-22,2
638,divya,2021-06-24,12
639,divya,2021-06-25,4
640,divya,2021-06-28,1
641,divya,2021-07-05,2
642,divya,2021-07-06,2
643,divya,2021-07-08,2
644,divya,2021-07-09,6
645,divya,2021-07-10,5
646,divya,2021-07-14,2
647,divya,2021-07-18,1
648,divya,2021-07-27,4
649,rajacsp,2020-09-06,30
650,rajacsp,2020-09-07,6
651,rajacsp,2020-09-08,5
652,rajacsp,2020-09-09,3
653,rajacsp,2020-09-10,7
654,rajacsp,2020-09-11,3
655,rajacsp,2020-09-12,17
656,rajacsp,2020-09-13,1
657,rajacsp,2020-09-14,8
658,rajacsp,2020-09-15,4
659,rajacsp,2020-09-16,4
660,rajacsp,2020-09-17,1
661,rajacsp,2020-09-18,4
662,rajacsp,2020-09-19,2
663,rajacsp,2020-09-21,10
664,rajacsp,2020-09-24,1
665,rajacsp,2020-09-29,1
666,rajacsp,2020-09-30,7
667,rajacsp,2020-10-01,3
668,rajacsp,2020-10-02,3
669,rajacsp,2020-10-03,4
670,rajacsp,2020-10-04,4
671,rajacsp,2020-10-06,2
672,rajacsp,2020-10-07,3
673,rajacsp,2020-10-08,1
674,rajacsp,2020-10-09,2
675,rajacsp,2020-10-10,2
676,rajacsp,2020-10-11,1
677,rajacsp,2020-10-12,5
678,rajacsp,2020-10-13,2
679,rajacsp,2020-10-14,2
680,rajacsp,2020-10-17,1
681,rajacsp,2020-10-20,3
682,rajacsp,2020-10-21,1
683,rajacsp,2020-10-22,1
684,rajacsp,2020-10-23,1
685,rajacsp,2020-10-24,1
686,rajacsp,2020-10-25,1
687,rajacsp,2020-10-27,2
688,rajacsp,2020-11-08,1
689,rajacsp,2020-11-09,1
690,rajacsp,2020-11-18,1
691,rajacsp,2020-11-30,2
692,rajacsp,2020-12-01,1
693,rajacsp,2020-12-04,2
694,rajacsp,2020-12-05,1
695,rajacsp,2020-12-08,3
696,rajacsp,2020-12-09,2
697,rajacsp,2020-12-12,10
698,rajacsp,2020-12-14,1
699,rajacsp,2020-12-17,1
700,rajacsp,2020-12-18,3
701,rajacsp,2020-12-20,4
702,rajacsp,2020-12-23,2
703,rajacsp,2020-12-24,3
704,rajacsp,2020-12-26,4
705,rajacsp,2020-12-27,2
706,rajacsp,2020-12-28,3
707,rajacsp,2020-12-29,1
708,rajacsp,2020-12-30,5
709,rajacsp,2021-01-01,2
710,rajacsp,2021-01-02,4
711,rajacsp,2021-01-04,1
712,rajacsp,2021-01-05,2
713,rajacsp,2021-01-08,2
714,rajacsp,2021-01-09,1
715,rajacsp,2021-01-11,1
716,rajacsp,2021-01-13,1
717,rajacsp,2021-01-14,31
718,rajacsp,2021-01-14,1
719,rajacsp,2021-01-28,1
720,rajacsp,2021-01-30,1
721,rajacsp,2021-02-03,2
722,rajacsp,2021-02-06,3
723,rajacsp,2021-02-11,3
724,rajacsp,2021-02-17,1
725,rajacsp,2021-02-18,1
726,rajacsp,2021-03-06,23
727,rajacsp,2021-03-08,1
728,rajacsp,2021-03-09,5
729,rajacsp,2021-03-12,1
730,rajacsp,2021-03-13,1
731,rajacsp,2021-03-14,4
732,rajacsp,2021-03-15,4
733,rajacsp,2021-03-17,2
734,rajacsp,2021-03-20,6
735,rajacsp,2021-03-21,3
736,rajacsp,2021-03-22,3
737,rajacsp,2021-03-23,5
738,rajacsp,2021-03-24,1
739,rajacsp,2021-03-25,5
740,rajacsp,2021-03-26,1
741,rajacsp,2021-03-27,1
742,rajacsp,2021-03-28,4
743,rajacsp,2021-03-29,1
744,rajacsp,2021-03-30,4
745,rajacsp,2021-03-31,2
746,rajacsp,2021-04-01,1
747,rajacsp,2021-04-02,7
748,rajacsp,2021-04-03,4
749,rajacsp,2021-04-04,2
750,rajacsp,2021-04-05,3
751,rajacsp,2021-04-06,6
752,rajacsp,2021-04-08,1
753,rajacsp,2021-04-09,1
754,rajacsp,2021-04-12,1
755,rajacsp,2021-04-16,6
756,rajacsp,2021-04-18,3
757,rajacsp,2021-04-19,2
758,rajacsp,2021-04-24,1
759,rajacsp,2021-04-25,6
760,rajacsp,2021-04-26,2
761,rajacsp,2021-04-27,2
762,rajacsp,2021-04-30,1
763,rajacsp,2021-05-01,1
764,rajacsp,2021-05-02,1
765,rajacsp,2021-05-03,3
766,rajacsp,2021-05-04,2
767,rajacsp,2021-05-05,3
768,rajacsp,2021-05-06,5
769,rajacsp,2021-05-08,4
770,rajacsp,2021-05-09,1
771,rajacsp,2021-05-10,1
772,rajacsp,2021-05-12,1
773,rajacsp,2021-05-13,1
774,rajacsp,2021-05-14,1
775,rajacsp,2021-05-15,1
776,rajacsp,2021-05-17,5
777,rajacsp,2021-05-18,2
778,rajacsp,2021-05-21,2
779,rajacsp,2021-05-22,1
780,rajacsp,2021-05-24,3
781,rajacsp,2021-05-25,6
782,rajacsp,2021-06-01,2
783,rajacsp,2021-06-10,2
784,rajacsp,2021-06-13,4
785,rajacsp,2021-06-15,2
786,rajacsp,2021-06-16,2
787,rajacsp,2021-06-20,3
788,rajacsp,2021-06-26,1
789,rajacsp,2021-06-27,2
790,rajacsp,2021-06-28,1
791,rajacsp,2021-07-18,1
792,rajacsp,2021-07-19,6
